cell_id,target_track,hotspot_score,bucket_count,observed_positive_buckets,top_features,cause_summary,feature_1,feature_1_display_name,feature_1_mean_shap,feature_1_mean_abs_shap,feature_2,feature_2_display_name,feature_2_mean_shap,feature_2_mean_abs_shap,feature_3,feature_3_display_name,feature_3_mean_shap,feature_3_mean_abs_shap
2381_18038,severe,0.8097198478756537,119,45,"historic_cell_crash_total, prior_avg_severity, prior_cell_severe_count","High predicted risk is mainly driven by long-run cell crash volume, historical crash severity, and prior severe crash history.",historic_cell_crash_total,long-run cell crash volume,0.16557162304309925,0.16557162304309925,prior_avg_severity,historical crash severity,0.15814453525328898,0.15814453525328898,prior_cell_severe_count,prior severe crash history,0.1393328383810799,0.1393328383810799
2356_18089,severe,0.7959569838854559,141,101,"historic_cell_crash_total, prior_avg_severity, prior_cell_severe_count","High predicted risk is mainly driven by long-run cell crash volume, historical crash severity, and prior severe crash history.",historic_cell_crash_total,long-run cell crash volume,0.1608572440041308,0.1608572440041308,prior_avg_severity,historical crash severity,0.16084505288605613,0.16084505288605613,prior_cell_severe_count,prior severe crash history,0.13373051656029603,0.13373051656029603
2424_18048,severe,0.7671442215551548,77,24,"historic_cell_crash_total, prior_cell_severe_count, prior_avg_severity","High predicted risk is mainly driven by long-run cell crash volume, prior severe crash history, and historical crash severity.",historic_cell_crash_total,long-run cell crash volume,0.15946416983221962,0.15946416983221962,prior_cell_severe_count,prior severe crash history,0.13900139462335778,0.13900139462335778,prior_avg_severity,historical crash severity,0.13765546743402948,0.13765546743402948
2391_18042,severe,0.7664317045941341,115,43,"historic_cell_crash_total, prior_avg_severity, prior_cell_severe_count","High predicted risk is mainly driven by long-run cell crash volume, historical crash severity, and prior severe crash history.",historic_cell_crash_total,long-run cell crash volume,0.16501340512899215,0.16501340512899215,prior_avg_severity,historical crash severity,0.14985910242834002,0.14985910242834002,prior_cell_severe_count,prior severe crash history,0.13101649752361633,0.13101649752361633
2377_18085,severe,0.7531550823130598,105,21,"prior_avg_severity, historic_cell_crash_total, prior_cell_severe_count","High predicted risk is mainly driven by historical crash severity, long-run cell crash volume, and prior severe crash history.",prior_avg_severity,historical crash severity,0.14985019578862038,0.14985019578862038,historic_cell_crash_total,long-run cell crash volume,0.14717684333954034,0.14717684333954034,prior_cell_severe_count,prior severe crash history,0.1311816949386706,0.1311816949386706
2366_18088,severe,0.7465018299557102,109,31,"prior_avg_severity, historic_cell_crash_total, prior_cell_severe_count","High predicted risk is mainly driven by historical crash severity, long-run cell crash volume, and prior severe crash history.",prior_avg_severity,historical crash severity,0.15166195308616653,0.15166195308616653,historic_cell_crash_total,long-run cell crash volume,0.14575614128795678,0.14575614128795678,prior_cell_severe_count,prior severe crash history,0.13049295120222823,0.13049295120222823
2339_18009,severe,0.713639280060723,95,29,"historic_cell_crash_total, prior_avg_severity, prior_cell_severe_count","High predicted risk is mainly driven by long-run cell crash volume, historical crash severity, and prior severe crash history.",historic_cell_crash_total,long-run cell crash volume,0.15260133282982935,0.15260133282982935,prior_avg_severity,historical crash severity,0.14067919623795547,0.14067919623795547,prior_cell_severe_count,prior severe crash history,0.12985488347744348,0.12985488347744348
2336_18014,severe,0.7122070622628225,80,17,"prior_avg_severity, historic_cell_crash_total, prior_cell_severe_count","High predicted risk is mainly driven by historical crash severity, long-run cell crash volume, and prior severe crash history.",prior_avg_severity,historical crash severity,0.15502384672390654,0.15502384672390654,historic_cell_crash_total,long-run cell crash volume,0.14750189390044982,0.14750189390044982,prior_cell_severe_count,prior severe crash history,0.12695026064785114,0.12695026064785114
2362_18088,severe,0.6999842045050425,184,65,"historic_cell_crash_total, prior_avg_severity, prior_cell_severe_count","High predicted risk is mainly driven by long-run cell crash volume, historical crash severity, and prior severe crash history.",historic_cell_crash_total,long-run cell crash volume,0.13511436070015684,0.13511436070015684,prior_avg_severity,historical crash severity,0.12679162655560275,0.12679162655560275,prior_cell_severe_count,prior severe crash history,0.11461234276723188,0.11461234276723188
2340_18024,severe,0.6832808445176817,91,21,"historic_cell_crash_total, prior_avg_severity, prior_cell_severe_count","High predicted risk is mainly driven by long-run cell crash volume, historical crash severity, and prior severe crash history.",historic_cell_crash_total,long-run cell crash volume,0.13986729504209675,0.13986729504209675,prior_avg_severity,historical crash severity,0.13863318320162565,0.13863318320162565,prior_cell_severe_count,prior severe crash history,0.12341201655168117,0.12341201655168117
2364_18038,severe,0.6827344447762359,73,16,"historic_cell_crash_total, prior_avg_severity, prior_cell_severe_count","High predicted risk is mainly driven by long-run cell crash volume, historical crash severity, and prior severe crash history.",historic_cell_crash_total,long-run cell crash volume,0.142437262240461,0.142437262240461,prior_avg_severity,historical crash severity,0.14242178826512078,0.14242178826512078,prior_cell_severe_count,prior severe crash history,0.12054280296086921,0.12054280296086921
2397_18064,severe,0.6809399211988917,79,14,"prior_avg_severity, historic_cell_crash_total, prior_cell_severe_count","High predicted risk is mainly driven by historical crash severity, long-run cell crash volume, and prior severe crash history.",prior_avg_severity,historical crash severity,0.14952192682670407,0.14952192682670407,historic_cell_crash_total,long-run cell crash volume,0.14730102475756338,0.14730102475756338,prior_cell_severe_count,prior severe crash history,0.12298842562612622,0.12298842562612622
2372_18106,severe,0.6795737598335336,52,10,"prior_avg_severity, historic_cell_crash_total, prior_cell_severe_count","High predicted risk is mainly driven by historical crash severity, long-run cell crash volume, and prior severe crash history.",prior_avg_severity,historical crash severity,0.15602660328375698,0.15602660328375698,historic_cell_crash_total,long-run cell crash volume,0.1375590150757537,0.1375590150757537,prior_cell_severe_count,prior severe crash history,0.12320274674052212,0.12320274674052212
2352_18028,severe,0.6679563109881596,72,8,"historic_cell_crash_total, prior_avg_severity, prior_cell_severe_count","High predicted risk is mainly driven by long-run cell crash volume, historical crash severity, and prior severe crash history.",historic_cell_crash_total,long-run cell crash volume,0.14481967232741794,0.14481967232741794,prior_avg_severity,historical crash severity,0.14180772100499317,0.14180772100499317,prior_cell_severe_count,prior severe crash history,0.12501027238055987,0.12501027238055987
2369_18102,severe,0.6575398588227684,40,7,"prior_avg_severity, historic_cell_crash_total, prior_cell_severe_count","High predicted risk is mainly driven by historical crash severity, long-run cell crash volume, and prior severe crash history.",prior_avg_severity,historical crash severity,0.1482616814915937,0.1482616814915937,historic_cell_crash_total,long-run cell crash volume,0.13829885661898283,0.13829885661898283,prior_cell_severe_count,prior severe crash history,0.12169436977364452,0.12169436977364452
2365_18070,severe,0.6550396859858884,46,9,"prior_avg_severity, historic_cell_crash_total, prior_cell_severe_count","High predicted risk is mainly driven by historical crash severity, long-run cell crash volume, and prior severe crash history.",prior_avg_severity,historical crash severity,0.14784135973566817,0.14784135973566817,historic_cell_crash_total,long-run cell crash volume,0.13653249092774103,0.13653249092774103,prior_cell_severe_count,prior severe crash history,0.12180631312279949,0.12180631312279949
2403_18017,severe,0.6499466452787702,73,22,"prior_avg_severity, prior_cell_severe_count, historic_cell_crash_total","High predicted risk is mainly driven by historical crash severity, prior severe crash history, and long-run cell crash volume.",prior_avg_severity,historical crash severity,0.1360177000839045,0.1360177000839045,prior_cell_severe_count,prior severe crash history,0.1252117091460903,0.1252117091460903,historic_cell_crash_total,long-run cell crash volume,0.12225192742381763,0.12225192742381763
2401_18021,severe,0.6376847372037279,65,17,"prior_avg_severity, historic_cell_crash_total, prior_cell_severe_count","High predicted risk is mainly driven by historical crash severity, long-run cell crash volume, and prior severe crash history.",prior_avg_severity,historical crash severity,0.13875150620053123,0.13875150620053123,historic_cell_crash_total,long-run cell crash volume,0.13508303690746296,0.13508303690746296,prior_cell_severe_count,prior severe crash history,0.11562118018792768,0.11562118018792768
2414_18044,severe,0.637367197322551,94,18,"historic_cell_crash_total, prior_cell_severe_count, prior_avg_severity","High predicted risk is mainly driven by long-run cell crash volume, prior severe crash history, and historical crash severity.",historic_cell_crash_total,long-run cell crash volume,0.12981146736751842,0.12981146736751842,prior_cell_severe_count,prior severe crash history,0.11752851647366219,0.11752851647366219,prior_avg_severity,historical crash severity,0.1167952632046251,0.1167952632046251
2356_18032,severe,0.633720618088654,87,18,"prior_avg_severity, historic_cell_crash_total, prior_cell_severe_count","High predicted risk is mainly driven by historical crash severity, long-run cell crash volume, and prior severe crash history.",prior_avg_severity,historical crash severity,0.14174376324113538,0.14174376324113538,historic_cell_crash_total,long-run cell crash volume,0.12523928553062974,0.12523928553062974,prior_cell_severe_count,prior severe crash history,0.11993881640928135,0.11993881640928135
2382_18083,severe,0.6285980747294003,70,25,"historic_cell_crash_total, prior_avg_severity, prior_cell_severe_count","High predicted risk is mainly driven by long-run cell crash volume, historical crash severity, and prior severe crash history.",historic_cell_crash_total,long-run cell crash volume,0.1472857660774696,0.1472857660774696,prior_avg_severity,historical crash severity,0.12704431165934693,0.12704431165934693,prior_cell_severe_count,prior severe crash history,0.11301348571732973,0.11301348571732973
2372_18088,severe,0.6202223910413024,56,11,"historic_cell_crash_total, prior_avg_severity, prior_cell_severe_count","High predicted risk is mainly driven by long-run cell crash volume, historical crash severity, and prior severe crash history.",historic_cell_crash_total,long-run cell crash volume,0.14344352531494442,0.14344352531494442,prior_avg_severity,historical crash severity,0.1367968964833812,0.1367968964833812,prior_cell_severe_count,prior severe crash history,0.11086514069562958,0.11086514069562958
2360_18073,severe,0.6197102596496619,91,13,"prior_avg_severity, historic_cell_crash_total, prior_cell_severe_count","High predicted risk is mainly driven by historical crash severity, long-run cell crash volume, and prior severe crash history.",prior_avg_severity,historical crash severity,0.1331417180692967,0.1331417180692967,historic_cell_crash_total,long-run cell crash volume,0.1303451103377691,0.1303451103377691,prior_cell_severe_count,prior severe crash history,0.11516561535948447,0.11516561535948447
2371_18042,severe,0.6087642622005367,98,18,"historic_cell_crash_total, prior_avg_severity, prior_cell_severe_count","High predicted risk is mainly driven by long-run cell crash volume, historical crash severity, and prior severe crash history.",historic_cell_crash_total,long-run cell crash volume,0.129165395840454,0.129165395840454,prior_avg_severity,historical crash severity,0.1224273570001934,0.1224273570001934,prior_cell_severe_count,prior severe crash history,0.11674214985268727,0.11674214985268727
2374_18108,severe,0.5998180145453635,67,6,"prior_avg_severity, prior_cell_severe_count, historic_cell_crash_total","High predicted risk is mainly driven by historical crash severity, prior severe crash history, and long-run cell crash volume.",prior_avg_severity,historical crash severity,0.13817793048179153,0.13817793048179153,prior_cell_severe_count,prior severe crash history,0.11993329392464581,0.11993329392464581,historic_cell_crash_total,long-run cell crash volume,0.10440705797392764,0.10440705797392764
2335_18003,severe,0.5996309759157818,100,24,"historic_cell_crash_total, prior_avg_severity, prior_cell_severe_count","High predicted risk is mainly driven by long-run cell crash volume, historical crash severity, and prior severe crash history.",historic_cell_crash_total,long-run cell crash volume,0.13008367860408504,0.13008367860408504,prior_avg_severity,historical crash severity,0.127692070458757,0.127692070458757,prior_cell_severe_count,prior severe crash history,0.11290115277624785,0.11290115277624785
2400_18024,severe,0.5983620738974835,74,19,"historic_cell_crash_total, prior_cell_severe_count, prior_avg_severity","High predicted risk is mainly driven by long-run cell crash volume, prior severe crash history, and historical crash severity.",historic_cell_crash_total,long-run cell crash volume,0.12376207260893943,0.12376207260893943,prior_cell_severe_count,prior severe crash history,0.10861483918415783,0.10861483918415783,prior_avg_severity,historical crash severity,0.08644238986688473,0.08644238986688473
2366_18095,severe,0.5909718969857172,61,13,"prior_avg_severity, historic_cell_crash_total, prior_cell_severe_count","High predicted risk is mainly driven by historical crash severity, long-run cell crash volume, and prior severe crash history.",prior_avg_severity,historical crash severity,0.13352812413362017,0.13352812413362017,historic_cell_crash_total,long-run cell crash volume,0.1264071060159078,0.1264071060159078,prior_cell_severe_count,prior severe crash history,0.10668400169036718,0.10668400169036718
2380_18038,severe,0.5732039040750532,64,2,"historic_cell_crash_total, prior_avg_severity, prior_cell_severe_count","High predicted risk is mainly driven by long-run cell crash volume, historical crash severity, and prior severe crash history.",historic_cell_crash_total,long-run cell crash volume,0.13439609730960025,0.13439609730960025,prior_avg_severity,historical crash severity,0.1209080932709625,0.1209080932709625,prior_cell_severe_count,prior severe crash history,0.10632378754484409,0.10632378754484409
2417_18045,severe,0.5704507854216746,68,13,"prior_avg_severity, prior_cell_severe_count, historic_cell_crash_total","High predicted risk is mainly driven by historical crash severity, prior severe crash history, and long-run cell crash volume.",prior_avg_severity,historical crash severity,0.11869169475131637,0.11869169475131637,prior_cell_severe_count,prior severe crash history,0.11496118060363993,0.11496118060363993,historic_cell_crash_total,long-run cell crash volume,0.1135596335851501,0.1135596335851501
2364_18093,severe,0.5549541287019645,60,10,"prior_avg_severity, historic_cell_crash_total, prior_cell_severe_count","High predicted risk is mainly driven by historical crash severity, long-run cell crash volume, and prior severe crash history.",prior_avg_severity,historical crash severity,0.13581782191076985,0.13581782191076985,historic_cell_crash_total,long-run cell crash volume,0.12568699216534382,0.12568699216534382,prior_cell_severe_count,prior severe crash history,0.10600006420105552,0.10600006420105552
2374_18077,severe,0.5518274182906862,83,19,"prior_avg_severity, historic_cell_crash_total, prior_cell_severe_count","High predicted risk is mainly driven by historical crash severity, long-run cell crash volume, and prior severe crash history.",prior_avg_severity,historical crash severity,0.12433880081599452,0.12433880081599452,historic_cell_crash_total,long-run cell crash volume,0.12413405997566361,0.12413405997566361,prior_cell_severe_count,prior severe crash history,0.10509042759571442,0.10509042759571442
2382_18038,severe,0.5462509656438248,70,7,"historic_cell_crash_total, prior_cell_severe_count, prior_avg_severity","High predicted risk is mainly driven by long-run cell crash volume, prior severe crash history, and historical crash severity.",historic_cell_crash_total,long-run cell crash volume,0.12328541569658828,0.12328541569658828,prior_cell_severe_count,prior severe crash history,0.10213417478686056,0.10213417478686056,prior_avg_severity,historical crash severity,0.09781140980823255,0.09781140980823255
2293_17982,severe,0.545613593217154,57,12,"historic_cell_crash_total, prior_avg_severity, prior_cell_severe_count","High predicted risk is mainly driven by long-run cell crash volume, historical crash severity, and prior severe crash history.",historic_cell_crash_total,long-run cell crash volume,0.12283617581540615,0.12283617581540615,prior_avg_severity,historical crash severity,0.11882837561829801,0.11882837561829801,prior_cell_severe_count,prior severe crash history,0.10092258190507343,0.10092258190507343
2361_18036,severe,0.5431539698433449,74,5,"historic_cell_crash_total, prior_cell_severe_count, prior_avg_severity","High predicted risk is mainly driven by long-run cell crash volume, prior severe crash history, and historical crash severity.",historic_cell_crash_total,long-run cell crash volume,0.11478089778421628,0.11478089778421628,prior_cell_severe_count,prior severe crash history,0.10405606403916697,0.10405606403916697,prior_avg_severity,historical crash severity,0.10346009045439807,0.10346009045439807
2408_18042,severe,0.535447930890573,75,12,"historic_cell_crash_total, prior_avg_severity, prior_cell_severe_count","High predicted risk is mainly driven by long-run cell crash volume, historical crash severity, and prior severe crash history.",historic_cell_crash_total,long-run cell crash volume,0.12311661998695338,0.12311661998695338,prior_avg_severity,historical crash severity,0.10830789804076849,0.10830789804076849,prior_cell_severe_count,prior severe crash history,0.10207501449332806,0.10207501449332806
2387_18040,severe,0.531461597637425,77,7,"historic_cell_crash_total, prior_cell_severe_count, prior_avg_severity","High predicted risk is mainly driven by long-run cell crash volume, prior severe crash history, and historical crash severity.",historic_cell_crash_total,long-run cell crash volume,0.10397502053636579,0.10397502053636579,prior_cell_severe_count,prior severe crash history,0.10295442530190198,0.10295442530190198,prior_avg_severity,historical crash severity,0.0954108314097425,0.0954108314097425
2372_18045,severe,0.5280512728063343,57,8,"prior_avg_severity, prior_cell_severe_count, historic_cell_crash_total","High predicted risk is mainly driven by historical crash severity, prior severe crash history, and long-run cell crash volume.",prior_avg_severity,historical crash severity,0.11962691543607529,0.11962691543607529,prior_cell_severe_count,prior severe crash history,0.11124743946017407,0.11124743946017407,historic_cell_crash_total,long-run cell crash volume,0.09536432699317357,0.09536432699317357
2351_18025,severe,0.5252267004153542,81,10,"prior_cell_severe_count, prior_avg_severity, historic_cell_crash_total","High predicted risk is mainly driven by prior severe crash history, historical crash severity, and long-run cell crash volume.",prior_cell_severe_count,prior severe crash history,0.10610653610956353,0.10610653610956353,prior_avg_severity,historical crash severity,0.1038770819941731,0.1038770819941731,historic_cell_crash_total,long-run cell crash volume,0.09892360893136921,0.09892360893136921
2390_18008,severe,0.5219070103876019,60,0,"historic_cell_crash_total, prior_cell_severe_count, prior_avg_severity","High predicted risk is mainly driven by long-run cell crash volume, prior severe crash history, and historical crash severity.",historic_cell_crash_total,long-run cell crash volume,0.12082537758369712,0.12082537758369712,prior_cell_severe_count,prior severe crash history,0.1022985848872132,0.1022985848872132,prior_avg_severity,historical crash severity,0.0918862668920366,0.0918862668920366
2390_18042,severe,0.5216911402225946,77,5,"historic_cell_crash_total, prior_cell_severe_count, prior_avg_severity","High predicted risk is mainly driven by long-run cell crash volume, prior severe crash history, and historical crash severity.",historic_cell_crash_total,long-run cell crash volume,0.11440458739928551,0.11440458739928551,prior_cell_severe_count,prior severe crash history,0.09900819880158573,0.09900819880158573,prior_avg_severity,historical crash severity,0.07323459407283547,0.07323459407283547
2338_18020,severe,0.5194530479935799,83,30,"historic_cell_crash_total, prior_avg_severity, prior_cell_severe_count","High predicted risk is mainly driven by long-run cell crash volume, historical crash severity, and prior severe crash history.",historic_cell_crash_total,long-run cell crash volume,0.12683782772759813,0.12683782772759813,prior_avg_severity,historical crash severity,0.12063181067331664,0.12063181067331664,prior_cell_severe_count,prior severe crash history,0.09461189936423695,0.09461189936423695
2395_18093,severe,0.5183844483436739,53,6,"prior_avg_severity, historic_cell_crash_total, prior_cell_severe_count","High predicted risk is mainly driven by historical crash severity, long-run cell crash volume, and prior severe crash history.",prior_avg_severity,historical crash severity,0.1136190631694096,0.1136190631694096,historic_cell_crash_total,long-run cell crash volume,0.10966215545165273,0.10966215545165273,prior_cell_severe_count,prior severe crash history,0.09965773617785735,0.09965773617785735
2369_18072,severe,0.5181132190610477,60,19,"prior_avg_severity, prior_cell_severe_count, historic_cell_crash_total","High predicted risk is mainly driven by historical crash severity, prior severe crash history, and long-run cell crash volume.",prior_avg_severity,historical crash severity,0.1328241164920854,0.1328241164920854,prior_cell_severe_count,prior severe crash history,0.10549507445082669,0.10549507445082669,historic_cell_crash_total,long-run cell crash volume,0.09295501345523254,0.09295501345523254
2399_18027,severe,0.5053350243403376,60,6,"historic_cell_crash_total, prior_cell_severe_count, prior_avg_severity","High predicted risk is mainly driven by long-run cell crash volume, prior severe crash history, and historical crash severity.",historic_cell_crash_total,long-run cell crash volume,0.11625775609210134,0.11625775609210134,prior_cell_severe_count,prior severe crash history,0.09198577719429496,0.09198577719429496,prior_avg_severity,historical crash severity,0.07401004973046216,0.07401004973046216
2391_18081,severe,0.5048243548674283,71,10,"prior_cell_severe_count, historic_cell_crash_total, prior_avg_severity","High predicted risk is mainly driven by prior severe crash history, long-run cell crash volume, and historical crash severity.",prior_cell_severe_count,prior severe crash history,0.10480778324844649,0.10480778324844649,historic_cell_crash_total,long-run cell crash volume,0.10054688315476225,0.10054688315476225,prior_avg_severity,historical crash severity,0.1000789605154058,0.1000789605154058
2399_18042,severe,0.5005659909402868,59,10,"prior_avg_severity, prior_cell_severe_count, historic_cell_crash_total","High predicted risk is mainly driven by historical crash severity, prior severe crash history, and long-run cell crash volume.",prior_avg_severity,historical crash severity,0.11276238337671055,0.11276238337671055,prior_cell_severe_count,prior severe crash history,0.10895557682539843,0.10895557682539843,historic_cell_crash_total,long-run cell crash volume,0.08956306464433997,0.08956306464433997
2315_17980,severe,0.49535148217073166,53,10,"prior_avg_severity, historic_cell_crash_total, prior_cell_severe_count","High predicted risk is mainly driven by historical crash severity, long-run cell crash volume, and prior severe crash history.",prior_avg_severity,historical crash severity,0.11402850582332993,0.11402850582332993,historic_cell_crash_total,long-run cell crash volume,0.09786681543523708,0.09786681543523708,prior_cell_severe_count,prior severe crash history,0.0963208262205606,0.0963208262205606
2399_18026,severe,0.4949878737983804,89,4,"historic_cell_crash_total, prior_cell_severe_count, prior_avg_severity","High predicted risk is mainly driven by long-run cell crash volume, prior severe crash history, and historical crash severity.",historic_cell_crash_total,long-run cell crash volume,0.10834639273031482,0.10834639273031482,prior_cell_severe_count,prior severe crash history,0.09094094191857048,0.09094094191857048,prior_avg_severity,historical crash severity,0.07013382232027782,0.07013382232027782
2418_18046,severe,0.4883636406472903,62,10,"historic_cell_crash_total, prior_cell_severe_count, prior_avg_severity","High predicted risk is mainly driven by long-run cell crash volume, prior severe crash history, and historical crash severity.",historic_cell_crash_total,long-run cell crash volume,0.11631484239962372,0.11631484239962372,prior_cell_severe_count,prior severe crash history,0.09789820260343607,0.09789820260343607,prior_avg_severity,historical crash severity,0.08531980224532697,0.08531980224532697
2286_17984,severe,0.4863606507042061,41,7,"prior_avg_severity, historic_cell_crash_total, prior_cell_severe_count","High predicted risk is mainly driven by historical crash severity, long-run cell crash volume, and prior severe crash history.",prior_avg_severity,historical crash severity,0.11100234423683843,0.11100234423683843,historic_cell_crash_total,long-run cell crash volume,0.0960404098845655,0.0960404098845655,prior_cell_severe_count,prior severe crash history,0.093908420363471,0.093908420363471
2411_18043,severe,0.4793539292046659,77,7,"historic_cell_crash_total, prior_cell_severe_count, prior_avg_severity","High predicted risk is mainly driven by long-run cell crash volume, prior severe crash history, and historical crash severity.",historic_cell_crash_total,long-run cell crash volume,0.10682951401168606,0.10682951401168606,prior_cell_severe_count,prior severe crash history,0.08901295086462728,0.08901295086462728,prior_avg_severity,historical crash severity,0.06972754668702481,0.06972754668702481
2392_18043,severe,0.4760664519992387,113,15,"historic_cell_crash_total, prior_cell_severe_count, prior_avg_severity","High predicted risk is mainly driven by long-run cell crash volume, prior severe crash history, and historical crash severity.",historic_cell_crash_total,long-run cell crash volume,0.10432756713895439,0.10432756713895439,prior_cell_severe_count,prior severe crash history,0.08813757368752127,0.08813757368752127,prior_avg_severity,historical crash severity,0.07343495702437042,0.07343495702437042
2338_18019,severe,0.4697325719913702,83,12,"historic_cell_crash_total, prior_cell_severe_count, prior_avg_severity","High predicted risk is mainly driven by long-run cell crash volume, prior severe crash history, and historical crash severity.",historic_cell_crash_total,long-run cell crash volume,0.1035894862837838,0.1035894862837838,prior_cell_severe_count,prior severe crash history,0.08889405258400314,0.08889405258400314,prior_avg_severity,historical crash severity,0.08181555524310599,0.08181555524310599
2379_18079,severe,0.467834897323832,56,5,"historic_cell_crash_total, prior_avg_severity, prior_cell_severe_count","High predicted risk is mainly driven by long-run cell crash volume, historical crash severity, and prior severe crash history.",historic_cell_crash_total,long-run cell crash volume,0.1227124247285223,0.1227124247285223,prior_avg_severity,historical crash severity,0.11586384973931488,0.11586384973931488,prior_cell_severe_count,prior severe crash history,0.09042809810107481,0.09042809810107481
2350_18022,severe,0.46562403307407213,104,8,"historic_cell_crash_total, prior_cell_severe_count, prior_avg_severity","High predicted risk is mainly driven by long-run cell crash volume, prior severe crash history, and historical crash severity.",historic_cell_crash_total,long-run cell crash volume,0.11131615648504095,0.11131615648504095,prior_cell_severe_count,prior severe crash history,0.09066275855324481,0.09066275855324481,prior_avg_severity,historical crash severity,0.08599195213093674,0.08599195213093674
2359_18040,severe,0.464484621335325,64,6,"prior_avg_severity, prior_cell_severe_count, historic_cell_crash_total","High predicted risk is mainly driven by historical crash severity, prior severe crash history, and long-run cell crash volume.",prior_avg_severity,historical crash severity,0.1104165829156352,0.1104165829156352,prior_cell_severe_count,prior severe crash history,0.09396496060609293,0.09396496060609293,historic_cell_crash_total,long-run cell crash volume,0.08354714426666093,0.08354714426666093
2391_18052,severe,0.4606374279776589,55,5,"historic_cell_crash_total, prior_avg_severity, prior_cell_severe_count","High predicted risk is mainly driven by long-run cell crash volume, historical crash severity, and prior severe crash history.",historic_cell_crash_total,long-run cell crash volume,0.11260410279443725,0.11260410279443725,prior_avg_severity,historical crash severity,0.0905991725646689,0.0905991725646689,prior_cell_severe_count,prior severe crash history,0.09043204332555087,0.09043204332555087
2370_18072,severe,0.45979474744119975,63,2,"prior_avg_severity, historic_cell_crash_total, prior_cell_severe_count","High predicted risk is mainly driven by historical crash severity, long-run cell crash volume, and prior severe crash history.",prior_avg_severity,historical crash severity,0.10342349511811649,0.10342349511811649,historic_cell_crash_total,long-run cell crash volume,0.100423111229011,0.100423111229011,prior_cell_severe_count,prior severe crash history,0.08888919918771446,0.08888919918771446
2327_17983,severe,0.45905753385946924,70,15,"historic_cell_crash_total, prior_avg_severity, prior_cell_severe_count","High predicted risk is mainly driven by long-run cell crash volume, historical crash severity, and prior severe crash history.",historic_cell_crash_total,long-run cell crash volume,0.11759715812731059,0.11759715812731059,prior_avg_severity,historical crash severity,0.11010292660811252,0.11010292660811252,prior_cell_severe_count,prior severe crash history,0.08716206721619205,0.08716206721619205
2395_18043,severe,0.45559997375047073,86,12,"historic_cell_crash_total, prior_cell_severe_count, prior_avg_severity","High predicted risk is mainly driven by long-run cell crash volume, prior severe crash history, and historical crash severity.",historic_cell_crash_total,long-run cell crash volume,0.09771422657901958,0.09771422657901958,prior_cell_severe_count,prior severe crash history,0.09302666964635006,0.09302666964635006,prior_avg_severity,historical crash severity,0.07706835021473789,0.07706835021473789
2404_18041,severe,0.4494136205693912,68,6,"historic_cell_crash_total, prior_cell_severe_count, prior_avg_severity","High predicted risk is mainly driven by long-run cell crash volume, prior severe crash history, and historical crash severity.",historic_cell_crash_total,long-run cell crash volume,0.10078981764928369,0.10078981764928369,prior_cell_severe_count,prior severe crash history,0.09089700300016836,0.09089700300016836,prior_avg_severity,historical crash severity,0.0797440551294834,0.0797440551294834
2354_18054,severe,0.44909016932288803,68,1,"historic_cell_crash_total, prior_avg_severity, prior_cell_severe_count","High predicted risk is mainly driven by long-run cell crash volume, historical crash severity, and prior severe crash history.",historic_cell_crash_total,long-run cell crash volume,0.11123054873714475,0.11123054873714475,prior_avg_severity,historical crash severity,0.10788961254441659,0.10788961254441659,prior_cell_severe_count,prior severe crash history,0.08933025239973981,0.08933025239973981
2352_18029,severe,0.4384310533060986,57,3,"prior_avg_severity, prior_cell_severe_count, historic_cell_crash_total","High predicted risk is mainly driven by historical crash severity, prior severe crash history, and long-run cell crash volume.",prior_avg_severity,historical crash severity,0.10338895041292516,0.10338895041292516,prior_cell_severe_count,prior severe crash history,0.09585607147471026,0.09585607147471026,historic_cell_crash_total,long-run cell crash volume,0.0886627732918505,0.0886627732918505
2377_18111,severe,0.4382940563363261,52,5,"prior_avg_severity, prior_cell_severe_count, historic_cell_crash_total","High predicted risk is mainly driven by historical crash severity, prior severe crash history, and long-run cell crash volume.",prior_avg_severity,historical crash severity,0.10301635562747843,0.10301635562747843,prior_cell_severe_count,prior severe crash history,0.0997538449522518,0.0997538449522518,historic_cell_crash_total,long-run cell crash volume,0.08731678537480618,0.08731678537480618
2360_18075,severe,0.43488507201008003,79,5,"historic_cell_crash_total, prior_cell_severe_count, prior_avg_severity","High predicted risk is mainly driven by long-run cell crash volume, prior severe crash history, and historical crash severity.",historic_cell_crash_total,long-run cell crash volume,0.1107461242033497,0.1107461242033497,prior_cell_severe_count,prior severe crash history,0.0820785064504019,0.0820785064504019,prior_avg_severity,historical crash severity,0.07493422496789359,0.07493422496789359
2363_18071,severe,0.43146567518354684,44,1,"prior_avg_severity, historic_cell_crash_total, prior_cell_severe_count","High predicted risk is mainly driven by historical crash severity, long-run cell crash volume, and prior severe crash history.",prior_avg_severity,historical crash severity,0.09435738087453793,0.09435738087453793,historic_cell_crash_total,long-run cell crash volume,0.07989335133224422,0.07989335133224422,prior_cell_severe_count,prior severe crash history,0.07627863531502235,0.07627863531502235
2379_18084,severe,0.43060213707796,81,12,"historic_cell_crash_total, prior_cell_severe_count, prior_avg_severity","High predicted risk is mainly driven by long-run cell crash volume, prior severe crash history, and historical crash severity.",historic_cell_crash_total,long-run cell crash volume,0.10280019385358002,0.10280019385358002,prior_cell_severe_count,prior severe crash history,0.07894974475825785,0.07894974475825785,prior_avg_severity,historical crash severity,0.0447707931449322,0.0447707931449322
2395_18057,severe,0.42961597821081277,67,10,"prior_avg_severity, prior_cell_severe_count, historic_cell_crash_total","High predicted risk is mainly driven by historical crash severity, prior severe crash history, and long-run cell crash volume.",prior_avg_severity,historical crash severity,0.10890947217430114,0.10890947217430114,prior_cell_severe_count,prior severe crash history,0.08526424005190728,0.08526424005190728,historic_cell_crash_total,long-run cell crash volume,0.06389425008818948,0.06389425008818948
2396_18034,severe,0.4288551353955406,65,8,"historic_cell_crash_total, prior_cell_severe_count, prior_avg_severity","High predicted risk is mainly driven by long-run cell crash volume, prior severe crash history, and historical crash severity.",historic_cell_crash_total,long-run cell crash volume,0.10555028643117753,0.10555028643117753,prior_cell_severe_count,prior severe crash history,0.08153587703850976,0.08153587703850976,prior_avg_severity,historical crash severity,0.07122401369449798,0.07122401369449798
2398_18029,severe,0.42772327172808994,46,6,"prior_avg_severity, prior_cell_severe_count, historic_cell_crash_total","High predicted risk is mainly driven by historical crash severity, prior severe crash history, and long-run cell crash volume.",prior_avg_severity,historical crash severity,0.09545704836953388,0.09545704836953388,prior_cell_severe_count,prior severe crash history,0.08313806842000573,0.08313806842000573,historic_cell_crash_total,long-run cell crash volume,0.05920455674932364,0.05920455674932364
2376_18078,severe,0.4260041506461157,59,1,"historic_cell_crash_total, prior_cell_severe_count, prior_avg_severity","High predicted risk is mainly driven by long-run cell crash volume, prior severe crash history, and historical crash severity.",historic_cell_crash_total,long-run cell crash volume,0.10502380245066839,0.10502380245066839,prior_cell_severe_count,prior severe crash history,0.08373508694001675,0.08373508694001675,prior_avg_severity,historical crash severity,0.08149309766073501,0.08149309766073501
2322_17981,severe,0.42509972291767334,57,7,"prior_avg_severity, historic_cell_crash_total, prior_cell_severe_count","High predicted risk is mainly driven by historical crash severity, long-run cell crash volume, and prior severe crash history.",prior_avg_severity,historical crash severity,0.0873571438027042,0.0873571438027042,historic_cell_crash_total,long-run cell crash volume,0.08025175174797833,0.08025175174797833,prior_cell_severe_count,prior severe crash history,0.07678526228774579,0.07678526228774579
2361_18086,severe,0.42183342796802564,66,7,"historic_cell_crash_total, prior_cell_severe_count, prior_avg_severity","High predicted risk is mainly driven by long-run cell crash volume, prior severe crash history, and historical crash severity.",historic_cell_crash_total,long-run cell crash volume,0.10043789643772048,0.10043789643772048,prior_cell_severe_count,prior severe crash history,0.07666999856507908,0.07666999856507908,prior_avg_severity,historical crash severity,0.06722576226571457,0.06722576226571457
2362_18071,severe,0.42035540061715204,68,0,"historic_cell_crash_total, prior_cell_severe_count, prior_avg_severity","High predicted risk is mainly driven by long-run cell crash volume, prior severe crash history, and historical crash severity.",historic_cell_crash_total,long-run cell crash volume,0.10458138609634064,0.10458138609634064,prior_cell_severe_count,prior severe crash history,0.07504514324275141,0.07504514324275141,prior_avg_severity,historical crash severity,0.06521523123026443,0.06521523123026443
2381_18084,severe,0.4172336041619713,51,0,"historic_cell_crash_total, prior_cell_severe_count, prior_avg_severity","High predicted risk is mainly driven by long-run cell crash volume, prior severe crash history, and historical crash severity.",historic_cell_crash_total,long-run cell crash volume,0.0880096477307647,0.0880096477307647,prior_cell_severe_count,prior severe crash history,0.08414457018387904,0.08414457018387904,prior_avg_severity,historical crash severity,0.07105592464580471,0.07105592464580471
2389_18042,severe,0.4170337740292804,102,9,"historic_cell_crash_total, prior_cell_severe_count, prior_avg_severity","High predicted risk is mainly driven by long-run cell crash volume, prior severe crash history, and historical crash severity.",historic_cell_crash_total,long-run cell crash volume,0.10000612913249245,0.10000612913249245,prior_cell_severe_count,prior severe crash history,0.08054316320034748,0.08054316320034748,prior_avg_severity,historical crash severity,0.0488694464857469,0.0488694464857469
2360_18076,severe,0.41601738282390166,58,2,"historic_cell_crash_total, prior_cell_severe_count, prior_avg_severity","High predicted risk is mainly driven by long-run cell crash volume, prior severe crash history, and historical crash severity.",historic_cell_crash_total,long-run cell crash volume,0.1023341827604258,0.1023341827604258,prior_cell_severe_count,prior severe crash history,0.07971476721239093,0.07971476721239093,prior_avg_severity,historical crash severity,0.07232172937385661,0.07232172937385661
2361_18063,severe,0.40937842390417895,42,13,"prior_avg_severity, historic_cell_crash_total, prior_cell_severe_count","High predicted risk is mainly driven by historical crash severity, long-run cell crash volume, and prior severe crash history.",prior_avg_severity,historical crash severity,0.10796348110620575,0.10796348110620575,historic_cell_crash_total,long-run cell crash volume,0.09472532262848683,0.09472532262848683,prior_cell_severe_count,prior severe crash history,0.07867936798490088,0.07867936798490088
2396_18059,severe,0.4092708923408735,46,3,"prior_avg_severity, prior_cell_severe_count, historic_cell_crash_total","High predicted risk is mainly driven by historical crash severity, prior severe crash history, and long-run cell crash volume.",prior_avg_severity,historical crash severity,0.09276420846638084,0.09276420846638084,prior_cell_severe_count,prior severe crash history,0.08080911335624277,0.08080911335624277,historic_cell_crash_total,long-run cell crash volume,0.07040995751920026,0.07040995751920026
2339_18024,severe,0.40885947998586614,68,2,"historic_cell_crash_total, prior_cell_severe_count, prior_avg_severity","High predicted risk is mainly driven by long-run cell crash volume, prior severe crash history, and historical crash severity.",historic_cell_crash_total,long-run cell crash volume,0.09975718238566503,0.09975718238566503,prior_cell_severe_count,prior severe crash history,0.07899329973446559,0.07899329973446559,prior_avg_severity,historical crash severity,0.05231022861878839,0.05231022861878839
2396_18031,severe,0.4061250809211469,139,8,"historic_cell_crash_total, prior_cell_severe_count, prior_avg_severity","High predicted risk is mainly driven by long-run cell crash volume, prior severe crash history, and historical crash severity.",historic_cell_crash_total,long-run cell crash volume,0.1070881344872843,0.1070881344872843,prior_cell_severe_count,prior severe crash history,0.0779543582757251,0.0779543582757251,prior_avg_severity,historical crash severity,0.03784598809896478,0.03784598809896478
2369_18036,severe,0.4043587391481009,73,6,"prior_cell_severe_count, prior_avg_severity, historic_cell_crash_total","High predicted risk is mainly driven by prior severe crash history, historical crash severity, and long-run cell crash volume.",prior_cell_severe_count,prior severe crash history,0.08146218904284587,0.08146218904284587,prior_avg_severity,historical crash severity,0.07937244414124602,0.07937244414124602,historic_cell_crash_total,long-run cell crash volume,0.07819666469614793,0.07819666469614793
2360_18074,severe,0.40346777602447265,62,3,"historic_cell_crash_total, prior_cell_severe_count, prior_avg_severity","High predicted risk is mainly driven by long-run cell crash volume, prior severe crash history, and historical crash severity.",historic_cell_crash_total,long-run cell crash volume,0.1066387764317987,0.1066387764317987,prior_cell_severe_count,prior severe crash history,0.0740755684841353,0.0740755684841353,prior_avg_severity,historical crash severity,0.06672767727955028,0.06672767727955028
2394_18095,severe,0.39787639817500337,52,2,"historic_cell_crash_total, prior_cell_severe_count, prior_avg_severity","High predicted risk is mainly driven by long-run cell crash volume, prior severe crash history, and historical crash severity.",historic_cell_crash_total,long-run cell crash volume,0.10551907053398338,0.10551907053398338,prior_cell_severe_count,prior severe crash history,0.07061209717750697,0.07061209717750697,prior_avg_severity,historical crash severity,0.06764207249426578,0.06764207249426578
2323_17982,severe,0.3936391079111543,72,10,"historic_cell_crash_total, prior_cell_severe_count, prior_avg_severity","High predicted risk is mainly driven by long-run cell crash volume, prior severe crash history, and historical crash severity.",historic_cell_crash_total,long-run cell crash volume,0.10732178055290988,0.10732178055290988,prior_cell_severe_count,prior severe crash history,0.06969965525513194,0.06969965525513194,prior_avg_severity,historical crash severity,0.06364260054153552,0.06364260054153552
2391_18043,severe,0.39262422409851994,62,0,"prior_cell_severe_count, historic_cell_crash_total, prior_avg_severity","High predicted risk is mainly driven by prior severe crash history, long-run cell crash volume, and historical crash severity.",prior_cell_severe_count,prior severe crash history,0.07561124101317226,0.07561124101317226,historic_cell_crash_total,long-run cell crash volume,0.07171226772892846,0.07171226772892846,prior_avg_severity,historical crash severity,0.07086413171976001,0.07086413171976001
2360_18081,severe,0.3912879814781598,93,9,"historic_cell_crash_total, prior_cell_severe_count, prior_avg_severity","High predicted risk is mainly driven by long-run cell crash volume, prior severe crash history, and historical crash severity.",historic_cell_crash_total,long-run cell crash volume,0.09968113330280956,0.09968113330280956,prior_cell_severe_count,prior severe crash history,0.07213984218816615,0.07213984218816615,prior_avg_severity,historical crash severity,0.03845438541910089,0.03845438541910089
2364_18039,severe,0.3908201613999903,91,8,"historic_cell_crash_total, prior_cell_severe_count, prior_avg_severity","High predicted risk is mainly driven by long-run cell crash volume, prior severe crash history, and historical crash severity.",historic_cell_crash_total,long-run cell crash volume,0.09225603670963776,0.09225603670963776,prior_cell_severe_count,prior severe crash history,0.07505264634174674,0.07505264634174674,prior_avg_severity,historical crash severity,0.038568365170244645,0.038568365170244645
2391_18053,severe,0.39065102357529896,58,2,"prior_cell_severe_count, historic_cell_crash_total, prior_avg_severity","High predicted risk is mainly driven by prior severe crash history, long-run cell crash volume, and historical crash severity.",prior_cell_severe_count,prior severe crash history,0.08366542973252133,0.08366542973252133,historic_cell_crash_total,long-run cell crash volume,0.07204716407579495,0.07204716407579495,prior_avg_severity,historical crash severity,0.06785555683615917,0.06785555683615917
2358_18034,severe,0.38614490986012057,88,2,"prior_avg_severity, prior_cell_severe_count, historic_cell_crash_total","High predicted risk is mainly driven by historical crash severity, prior severe crash history, and long-run cell crash volume.",prior_avg_severity,historical crash severity,0.08034537167463235,0.08034537167463235,prior_cell_severe_count,prior severe crash history,0.07989258234934195,0.07989258234934195,historic_cell_crash_total,long-run cell crash volume,0.0726948434211805,0.0726948434211805
2392_18042,severe,0.38283602083246926,65,1,"historic_cell_crash_total, prior_avg_severity, prior_cell_severe_count","High predicted risk is mainly driven by long-run cell crash volume, historical crash severity, and prior severe crash history.",historic_cell_crash_total,long-run cell crash volume,0.08417329013477574,0.08417329013477574,prior_avg_severity,historical crash severity,0.07287211726852065,0.07287211726852065,prior_cell_severe_count,prior severe crash history,0.06997322255666291,0.06997322255666291
2359_18034,severe,0.38100936720871487,86,14,"historic_cell_crash_total, prior_cell_severe_count, prior_avg_severity","High predicted risk is mainly driven by long-run cell crash volume, prior severe crash history, and historical crash severity.",historic_cell_crash_total,long-run cell crash volume,0.10126762606370222,0.10126762606370222,prior_cell_severe_count,prior severe crash history,0.07634974056002086,0.07634974056002086,prior_avg_severity,historical crash severity,0.05754784352369785,0.05754784352369785
2398_18042,severe,0.37801320845275316,82,8,"historic_cell_crash_total, prior_cell_severe_count, prior_avg_severity","High predicted risk is mainly driven by long-run cell crash volume, prior severe crash history, and historical crash severity.",historic_cell_crash_total,long-run cell crash volume,0.10255307720088545,0.10255307720088545,prior_cell_severe_count,prior severe crash history,0.07100902238901705,0.07100902238901705,prior_avg_severity,historical crash severity,0.05238969883226942,0.05238969883226942
2371_18048,severe,0.37783812387957005,72,5,"prior_cell_severe_count, prior_avg_severity, historic_cell_crash_total","High predicted risk is mainly driven by prior severe crash history, historical crash severity, and long-run cell crash volume.",prior_cell_severe_count,prior severe crash history,0.08772552251748761,0.08772552251748761,prior_avg_severity,historical crash severity,0.07563133157824023,0.07563133157824023,historic_cell_crash_total,long-run cell crash volume,0.06360625738249967,0.06360625738249967
2365_18055,severe,0.37419568472903597,71,3,"prior_cell_severe_count, historic_cell_crash_total, prior_avg_severity","High predicted risk is mainly driven by prior severe crash history, long-run cell crash volume, and historical crash severity.",prior_cell_severe_count,prior severe crash history,0.08166370778536046,0.08166370778536046,historic_cell_crash_total,long-run cell crash volume,0.07059851434105525,0.07059851434105525,prior_avg_severity,historical crash severity,0.06592771551105482,0.06592771551105482
2363_18039,severe,0.37256467337654103,81,7,"prior_cell_severe_count, historic_cell_crash_total, prior_avg_severity","High predicted risk is mainly driven by prior severe crash history, long-run cell crash volume, and historical crash severity.",prior_cell_severe_count,prior severe crash history,0.07493512512406483,0.07493512512406483,historic_cell_crash_total,long-run cell crash volume,0.0673968566639259,0.0673968566639259,prior_avg_severity,historical crash severity,0.06128483292500686,0.06128483292500686
2354_18031,severe,0.3688819757830065,63,7,"prior_cell_severe_count, prior_avg_severity, historic_cell_crash_total","High predicted risk is mainly driven by prior severe crash history, historical crash severity, and long-run cell crash volume.",prior_cell_severe_count,prior severe crash history,0.08032412440119557,0.08032412440119557,prior_avg_severity,historical crash severity,0.07462976313053868,0.07462976313053868,historic_cell_crash_total,long-run cell crash volume,0.06274508966098044,0.06274508966098044
2429_18052,severe,0.3674447202762464,55,6,"prior_cell_severe_count, historic_cell_crash_total, prior_avg_severity","High predicted risk is mainly driven by prior severe crash history, long-run cell crash volume, and historical crash severity.",prior_cell_severe_count,prior severe crash history,0.0810167379242948,0.0810167379242948,historic_cell_crash_total,long-run cell crash volume,0.08070912715628917,0.08070912715628917,prior_avg_severity,historical crash severity,0.06432889802674935,0.06432889802674935
2385_18040,severe,0.3634670052201199,78,0,"historic_cell_crash_total, prior_cell_severe_count, prior_avg_severity","High predicted risk is mainly driven by long-run cell crash volume, prior severe crash history, and historical crash severity.",historic_cell_crash_total,long-run cell crash volume,0.10586998738867671,0.10586998738867671,prior_cell_severe_count,prior severe crash history,0.06892898467792664,0.06892898467792664,prior_avg_severity,historical crash severity,0.06056015189414689,0.06056015189414689
2386_18040,severe,0.3631192557081017,37,1,"prior_cell_severe_count, prior_avg_severity, historic_cell_crash_total","High predicted risk is mainly driven by prior severe crash history, historical crash severity, and long-run cell crash volume.",prior_cell_severe_count,prior severe crash history,0.07411598601136389,0.07411598601136389,prior_avg_severity,historical crash severity,0.06438292196963918,0.06438292196963918,historic_cell_crash_total,long-run cell crash volume,0.06387078776914912,0.06387078776914912
2347_18036,severe,0.3624321482164939,61,0,"historic_cell_crash_total, prior_avg_severity, prior_cell_severe_count","High predicted risk is mainly driven by long-run cell crash volume, historical crash severity, and prior severe crash history.",historic_cell_crash_total,long-run cell crash volume,0.09970050225423627,0.09970050225423627,prior_avg_severity,historical crash severity,0.08019739375790765,0.08019739375790765,prior_cell_severe_count,prior severe crash history,0.0729214977340399,0.0729214977340399
2382_18025,severe,0.3614590082242458,50,0,"historic_cell_crash_total, prior_cell_severe_count, prior_avg_severity","High predicted risk is mainly driven by long-run cell crash volume, prior severe crash history, and historical crash severity.",historic_cell_crash_total,long-run cell crash volume,0.08774839584072718,0.08774839584072718,prior_cell_severe_count,prior severe crash history,0.08228704712854971,0.08228704712854971,prior_avg_severity,historical crash severity,0.07403834582952949,0.07403834582952949
2371_18088,severe,0.36119889268694877,59,0,"historic_cell_crash_total, prior_cell_severe_count, prior_avg_severity","High predicted risk is mainly driven by long-run cell crash volume, prior severe crash history, and historical crash severity.",historic_cell_crash_total,long-run cell crash volume,0.09481969434100038,0.09481969434100038,prior_cell_severe_count,prior severe crash history,0.0678406356887374,0.0678406356887374,prior_avg_severity,historical crash severity,0.05897027565395608,0.05897027565395608
2344_18022,severe,0.35980695253236933,85,12,"historic_cell_crash_total, prior_cell_severe_count, prior_avg_severity","High predicted risk is mainly driven by long-run cell crash volume, prior severe crash history, and historical crash severity.",historic_cell_crash_total,long-run cell crash volume,0.09306156096048623,0.09306156096048623,prior_cell_severe_count,prior severe crash history,0.07677611953455095,0.07677611953455095,prior_avg_severity,historical crash severity,0.05833015447906331,0.05833015447906331
2326_17983,severe,0.35762130769188755,93,10,"historic_cell_crash_total, prior_cell_severe_count, prior_avg_severity","High predicted risk is mainly driven by long-run cell crash volume, prior severe crash history, and historical crash severity.",historic_cell_crash_total,long-run cell crash volume,0.09534275231009133,0.09534275231009133,prior_cell_severe_count,prior severe crash history,0.06494199225970623,0.06494199225970623,prior_avg_severity,historical crash severity,0.055098874477694404,0.055098874477694404
2289_17982,severe,0.3560789759347798,64,5,"historic_cell_crash_total, prior_avg_severity, prior_cell_severe_count","High predicted risk is mainly driven by long-run cell crash volume, historical crash severity, and prior severe crash history.",historic_cell_crash_total,long-run cell crash volume,0.07545443918771214,0.07545443918771214,prior_avg_severity,historical crash severity,0.07269968476317479,0.07269968476317479,prior_cell_severe_count,prior severe crash history,0.06035226928071902,0.06035226928071902
2354_18082,severe,0.35496482602967366,48,0,"historic_cell_crash_total, prior_avg_severity, prior_cell_severe_count","High predicted risk is mainly driven by long-run cell crash volume, historical crash severity, and prior severe crash history.",historic_cell_crash_total,long-run cell crash volume,0.09743517581671507,0.09743517581671507,prior_avg_severity,historical crash severity,0.07544936780685568,0.07544936780685568,prior_cell_severe_count,prior severe crash history,0.06871287256215608,0.06871287256215608
2399_18107,severe,0.3541253381662902,60,3,"historic_cell_crash_total, prior_cell_severe_count, prior_avg_severity","High predicted risk is mainly driven by long-run cell crash volume, prior severe crash history, and historical crash severity.",historic_cell_crash_total,long-run cell crash volume,0.09955475162977603,0.09955475162977603,prior_cell_severe_count,prior severe crash history,0.06904998311455347,0.06904998311455347,prior_avg_severity,historical crash severity,0.06313084539374296,0.06313084539374296
2403_18041,severe,0.35358822115815197,82,1,"historic_cell_crash_total, prior_cell_severe_count, prior_avg_severity","High predicted risk is mainly driven by long-run cell crash volume, prior severe crash history, and historical crash severity.",historic_cell_crash_total,long-run cell crash volume,0.07385433220951214,0.07385433220951214,prior_cell_severe_count,prior severe crash history,0.06944569475012198,0.06944569475012198,prior_avg_severity,historical crash severity,0.05755480882524936,0.05755480882524936
2330_17996,severe,0.35027019059272047,56,4,"historic_cell_crash_total, prior_cell_severe_count, prior_avg_severity","High predicted risk is mainly driven by long-run cell crash volume, prior severe crash history, and historical crash severity.",historic_cell_crash_total,long-run cell crash volume,0.08419098757898646,0.08419098757898646,prior_cell_severe_count,prior severe crash history,0.07117179580312283,0.07117179580312283,prior_avg_severity,historical crash severity,0.07100736367755238,0.07100736367755238
2415_18044,severe,0.34987848973428726,50,0,"prior_cell_severe_count, prior_avg_severity, historic_cell_crash_total","High predicted risk is mainly driven by prior severe crash history, historical crash severity, and long-run cell crash volume.",prior_cell_severe_count,prior severe crash history,0.07331531667417529,0.07331531667417529,prior_avg_severity,historical crash severity,0.06335116573661989,0.06335116573661989,historic_cell_crash_total,long-run cell crash volume,0.06288699441864264,0.06288699441864264
2393_18045,severe,0.34987091579944396,59,6,"prior_avg_severity, prior_cell_severe_count, historic_cell_crash_total","High predicted risk is mainly driven by historical crash severity, prior severe crash history, and long-run cell crash volume.",prior_avg_severity,historical crash severity,0.09181578102895038,0.09181578102895038,prior_cell_severe_count,prior severe crash history,0.07400355444959293,0.07400355444959293,historic_cell_crash_total,long-run cell crash volume,0.054629854323492565,0.054629854323492565
2372_18087,severe,0.34926656020307256,69,4,"historic_cell_crash_total, prior_cell_severe_count, prior_avg_severity","High predicted risk is mainly driven by long-run cell crash volume, prior severe crash history, and historical crash severity.",historic_cell_crash_total,long-run cell crash volume,0.10021908486967557,0.10021908486967557,prior_cell_severe_count,prior severe crash history,0.06894127673320552,0.06894127673320552,prior_avg_severity,historical crash severity,0.03862580470738448,0.03862580470738448
2364_18092,severe,0.3483172291054869,53,0,"historic_cell_crash_total, prior_cell_severe_count, prior_avg_severity","High predicted risk is mainly driven by long-run cell crash volume, prior severe crash history, and historical crash severity.",historic_cell_crash_total,long-run cell crash volume,0.09420118478736236,0.09420118478736236,prior_cell_severe_count,prior severe crash history,0.06427655660424203,0.06427655660424203,prior_avg_severity,historical crash severity,0.05621647950772267,0.05621647950772267
2396_18084,severe,0.3474864169521638,53,0,"historic_cell_crash_total, prior_cell_severe_count, prior_avg_severity","High predicted risk is mainly driven by long-run cell crash volume, prior severe crash history, and historical crash severity.",historic_cell_crash_total,long-run cell crash volume,0.07941790778945042,0.07941790778945042,prior_cell_severe_count,prior severe crash history,0.06666959187448643,0.06666959187448643,prior_avg_severity,historical crash severity,0.06405185115926909,0.06405185115926909
2380_18084,severe,0.3474510971748178,71,4,"historic_cell_crash_total, prior_cell_severe_count, prior_avg_severity","High predicted risk is mainly driven by long-run cell crash volume, prior severe crash history, and historical crash severity.",historic_cell_crash_total,long-run cell crash volume,0.09687907036576413,0.09687907036576413,prior_cell_severe_count,prior severe crash history,0.06526742103916951,0.06526742103916951,prior_avg_severity,historical crash severity,0.04009805700805952,0.04009805700805952
2363_18038,severe,0.3471808213354444,69,3,"prior_cell_severe_count, historic_cell_crash_total, prior_avg_severity","High predicted risk is mainly driven by prior severe crash history, long-run cell crash volume, and historical crash severity.",prior_cell_severe_count,prior severe crash history,0.06627954619833033,0.06627954619833033,historic_cell_crash_total,long-run cell crash volume,0.0633218927739134,0.0633218927739134,prior_avg_severity,historical crash severity,0.04558736374052489,0.04558736374052489
2383_18039,severe,0.3458378301733367,67,0,"historic_cell_crash_total, prior_cell_severe_count, prior_avg_severity","High predicted risk is mainly driven by long-run cell crash volume, prior severe crash history, and historical crash severity.",historic_cell_crash_total,long-run cell crash volume,0.07572845069325627,0.07572845069325627,prior_cell_severe_count,prior severe crash history,0.0734616367366393,0.0734616367366393,prior_avg_severity,historical crash severity,0.06039926234405314,0.06039926234405314
2392_18028,severe,0.3457739991460472,50,0,"prior_avg_severity, historic_cell_crash_total, prior_cell_severe_count","High predicted risk is mainly driven by historical crash severity, long-run cell crash volume, and prior severe crash history.",prior_avg_severity,historical crash severity,0.08961257746693889,0.08961257746693889,historic_cell_crash_total,long-run cell crash volume,0.07345557004117108,0.07345557004117108,prior_cell_severe_count,prior severe crash history,0.06686565442268907,0.06686565442268907
2365_18088,severe,0.3457193138361762,61,3,"historic_cell_crash_total, prior_cell_severe_count, prior_avg_severity","High predicted risk is mainly driven by long-run cell crash volume, prior severe crash history, and historical crash severity.",historic_cell_crash_total,long-run cell crash volume,0.09389791662098163,0.09389791662098163,prior_cell_severe_count,prior severe crash history,0.06336498713570245,0.06336498713570245,prior_avg_severity,historical crash severity,0.04137864215671346,0.04137864215671346
2353_18029,severe,0.3442679310105954,69,5,"historic_cell_crash_total, prior_cell_severe_count, prior_avg_severity","High predicted risk is mainly driven by long-run cell crash volume, prior severe crash history, and historical crash severity.",historic_cell_crash_total,long-run cell crash volume,0.07602474301177506,0.07602474301177506,prior_cell_severe_count,prior severe crash history,0.06876079349722053,0.06876079349722053,prior_avg_severity,historical crash severity,0.06771230150434453,0.06771230150434453
2324_17982,severe,0.34389587336200733,62,5,"historic_cell_crash_total, prior_avg_severity, prior_cell_severe_count","High predicted risk is mainly driven by long-run cell crash volume, historical crash severity, and prior severe crash history.",historic_cell_crash_total,long-run cell crash volume,0.06813066381341136,0.06813066381341136,prior_avg_severity,historical crash severity,0.059335016420461816,0.059335016420461816,prior_cell_severe_count,prior severe crash history,0.05887366604651228,0.05887366604651228
2327_17984,severe,0.3419965518462924,50,4,"historic_cell_crash_total, prior_cell_severe_count, prior_avg_severity","High predicted risk is mainly driven by long-run cell crash volume, prior severe crash history, and historical crash severity.",historic_cell_crash_total,long-run cell crash volume,0.07141026425183947,0.07141026425183947,prior_cell_severe_count,prior severe crash history,0.06269778914616438,0.06269778914616438,prior_avg_severity,historical crash severity,0.05774625157391025,0.05774625157391025
2402_18019,severe,0.3410158123209811,68,0,"historic_cell_crash_total, prior_cell_severe_count, prior_avg_severity","High predicted risk is mainly driven by long-run cell crash volume, prior severe crash history, and historical crash severity.",historic_cell_crash_total,long-run cell crash volume,0.08363311672561746,0.08363311672561746,prior_cell_severe_count,prior severe crash history,0.06956142989355682,0.06956142989355682,prior_avg_severity,historical crash severity,0.059942100361867215,0.059942100361867215
2382_18002,severe,0.33786858594682195,47,0,"historic_cell_crash_total, prior_avg_severity, prior_cell_severe_count","High predicted risk is mainly driven by long-run cell crash volume, historical crash severity, and prior severe crash history.",historic_cell_crash_total,long-run cell crash volume,0.08079023497791382,0.08079023497791382,prior_avg_severity,historical crash severity,0.07313480305555266,0.07313480305555266,prior_cell_severe_count,prior severe crash history,0.0643608384873747,0.0643608384873747
2405_18013,severe,0.3369436989495351,58,2,"historic_cell_crash_total, prior_cell_severe_count, prior_avg_severity","High predicted risk is mainly driven by long-run cell crash volume, prior severe crash history, and historical crash severity.",historic_cell_crash_total,long-run cell crash volume,0.09629067276345209,0.09629067276345209,prior_cell_severe_count,prior severe crash history,0.05988110513761434,0.05988110513761434,prior_avg_severity,historical crash severity,0.04831837875845961,0.04831837875845961
2406_18009,severe,0.336328733870795,63,3,"historic_cell_crash_total, prior_cell_severe_count, prior_avg_severity","High predicted risk is mainly driven by long-run cell crash volume, prior severe crash history, and historical crash severity.",historic_cell_crash_total,long-run cell crash volume,0.07810825928223093,0.07810825928223093,prior_cell_severe_count,prior severe crash history,0.06529410238183682,0.06529410238183682,prior_avg_severity,historical crash severity,0.055043929901235814,0.055043929901235814
2388_18041,severe,0.3339222427401205,76,1,"historic_cell_crash_total, prior_cell_severe_count, historic_neighbor_crash_total","High predicted risk is mainly driven by long-run cell crash volume, prior severe crash history, and neighboring crash volume.",historic_cell_crash_total,long-run cell crash volume,0.09253793297864774,0.09253793297864774,prior_cell_severe_count,prior severe crash history,0.06676014025470342,0.06676014025470342,historic_neighbor_crash_total,neighboring crash volume,0.023836612303146938,0.023836612303146938
2317_17979,severe,0.33200558691442345,91,0,"historic_cell_crash_total, prior_avg_severity, prior_cell_severe_count","High predicted risk is mainly driven by long-run cell crash volume, historical crash severity, and prior severe crash history.",historic_cell_crash_total,long-run cell crash volume,0.06963413439527687,0.06963413439527687,prior_avg_severity,historical crash severity,0.06131493864671428,0.06131493864671428,prior_cell_severe_count,prior severe crash history,0.05900403791038868,0.05900403791038868
2396_18085,severe,0.3307149050611166,64,8,"historic_cell_crash_total, prior_cell_severe_count, prior_avg_severity","High predicted risk is mainly driven by long-run cell crash volume, prior severe crash history, and historical crash severity.",historic_cell_crash_total,long-run cell crash volume,0.074304255557724,0.074304255557724,prior_cell_severe_count,prior severe crash history,0.07193652196942993,0.07193652196942993,prior_avg_severity,historical crash severity,0.05852045346841933,0.05852045346841933
2372_18042,severe,0.33059300228882244,62,1,"prior_cell_severe_count, historic_cell_crash_total, prior_avg_severity","High predicted risk is mainly driven by prior severe crash history, long-run cell crash volume, and historical crash severity.",prior_cell_severe_count,prior severe crash history,0.0634885644922098,0.0634885644922098,historic_cell_crash_total,long-run cell crash volume,0.06110603327472691,0.06110603327472691,prior_avg_severity,historical crash severity,0.06070234388467801,0.06070234388467801
2378_18079,severe,0.3305562978760445,73,0,"historic_cell_crash_total, prior_cell_severe_count, prior_avg_severity","High predicted risk is mainly driven by long-run cell crash volume, prior severe crash history, and historical crash severity.",historic_cell_crash_total,long-run cell crash volume,0.09347745169862681,0.09347745169862681,prior_cell_severe_count,prior severe crash history,0.06326229523651959,0.06326229523651959,prior_avg_severity,historical crash severity,0.046470861224032343,0.046470861224032343
2370_18041,severe,0.3291547195883281,80,5,"prior_cell_severe_count, historic_cell_crash_total, prior_avg_severity","High predicted risk is mainly driven by prior severe crash history, long-run cell crash volume, and historical crash severity.",prior_cell_severe_count,prior severe crash history,0.06835032727258636,0.06835032727258636,historic_cell_crash_total,long-run cell crash volume,0.06387289387465173,0.06387289387465173,prior_avg_severity,historical crash severity,0.054361377272931576,0.054361377272931576
2360_18080,severe,0.32732513344339975,86,12,"historic_cell_crash_total, prior_avg_severity, prior_cell_severe_count","High predicted risk is mainly driven by long-run cell crash volume, historical crash severity, and prior severe crash history.",historic_cell_crash_total,long-run cell crash volume,0.10010024538283163,0.10010024538283163,prior_avg_severity,historical crash severity,0.08596549840268658,0.08596549840268658,prior_cell_severe_count,prior severe crash history,0.07436951672391177,0.07436951672391177
2353_18052,severe,0.3230919935925645,87,0,"historic_cell_crash_total, prior_cell_severe_count, prior_avg_severity","High predicted risk is mainly driven by long-run cell crash volume, prior severe crash history, and historical crash severity.",historic_cell_crash_total,long-run cell crash volume,0.09438683779173954,0.09438683779173954,prior_cell_severe_count,prior severe crash history,0.07088034747833265,0.07088034747833265,prior_avg_severity,historical crash severity,0.06015470436114083,0.06015470436114083
2423_18048,severe,0.3216606654125028,71,6,"historic_cell_crash_total, prior_cell_severe_count, prior_avg_severity","High predicted risk is mainly driven by long-run cell crash volume, prior severe crash history, and historical crash severity.",historic_cell_crash_total,long-run cell crash volume,0.06781195718115664,0.06781195718115664,prior_cell_severe_count,prior severe crash history,0.06460885535784,0.06460885535784,prior_avg_severity,historical crash severity,0.04053508821084559,0.04053508821084559
2330_17987,severe,0.31938711498998223,71,9,"historic_cell_crash_total, prior_cell_severe_count, prior_avg_severity","High predicted risk is mainly driven by long-run cell crash volume, prior severe crash history, and historical crash severity.",historic_cell_crash_total,long-run cell crash volume,0.09918105389380401,0.09918105389380401,prior_cell_severe_count,prior severe crash history,0.062245832988349556,0.062245832988349556,prior_avg_severity,historical crash severity,0.04490434740250903,0.04490434740250903
2287_17983,severe,0.31816843314042187,56,2,"historic_cell_crash_total, prior_avg_severity, prior_cell_severe_count","High predicted risk is mainly driven by long-run cell crash volume, historical crash severity, and prior severe crash history.",historic_cell_crash_total,long-run cell crash volume,0.06191602045652888,0.06191602045652888,prior_avg_severity,historical crash severity,0.05906471951754498,0.05906471951754498,prior_cell_severe_count,prior severe crash history,0.058764272416393405,0.058764272416393405
2405_18010,severe,0.31742088309371863,52,1,"historic_cell_crash_total, prior_cell_severe_count, prior_avg_severity","High predicted risk is mainly driven by long-run cell crash volume, prior severe crash history, and historical crash severity.",historic_cell_crash_total,long-run cell crash volume,0.05892856814363047,0.05892856814363047,prior_cell_severe_count,prior severe crash history,0.05762214708281376,0.05762214708281376,prior_avg_severity,historical crash severity,0.05428125617856438,0.05428125617856438
2402_18041,severe,0.3173177552511071,74,6,"prior_avg_severity, prior_cell_severe_count, historic_cell_crash_total","High predicted risk is mainly driven by historical crash severity, prior severe crash history, and long-run cell crash volume.",prior_avg_severity,historical crash severity,0.06514301068784574,0.06514301068784574,prior_cell_severe_count,prior severe crash history,0.06373612549674648,0.06373612549674648,historic_cell_crash_total,long-run cell crash volume,0.05994054589704798,0.05994054589704798
2361_18067,severe,0.3167738643919608,51,0,"historic_cell_crash_total, prior_avg_severity, prior_cell_severe_count","High predicted risk is mainly driven by long-run cell crash volume, historical crash severity, and prior severe crash history.",historic_cell_crash_total,long-run cell crash volume,0.0820647786667694,0.0820647786667694,prior_avg_severity,historical crash severity,0.07186910454967016,0.07186910454967016,prior_cell_severe_count,prior severe crash history,0.07037333406877569,0.07037333406877569
2369_18054,severe,0.3164862351987646,80,9,"historic_cell_crash_total, prior_cell_severe_count, prior_avg_severity","High predicted risk is mainly driven by long-run cell crash volume, prior severe crash history, and historical crash severity.",historic_cell_crash_total,long-run cell crash volume,0.09272840392810802,0.09272840392810802,prior_cell_severe_count,prior severe crash history,0.062036669990552275,0.062036669990552275,prior_avg_severity,historical crash severity,0.039303005625015305,0.039303005625015305
2351_18050,severe,0.3155510352003247,62,0,"prior_avg_severity, historic_cell_crash_total, prior_cell_severe_count","High predicted risk is mainly driven by historical crash severity, long-run cell crash volume, and prior severe crash history.",prior_avg_severity,historical crash severity,0.08551512854854983,0.08551512854854983,historic_cell_crash_total,long-run cell crash volume,0.07940948820465135,0.07940948820465135,prior_cell_severe_count,prior severe crash history,0.06973623667957102,0.06973623667957102
2389_18041,severe,0.3152425400003512,59,6,"historic_cell_crash_total, prior_cell_severe_count, prior_avg_severity","High predicted risk is mainly driven by long-run cell crash volume, prior severe crash history, and historical crash severity.",historic_cell_crash_total,long-run cell crash volume,0.07099154638920001,0.07099154638920001,prior_cell_severe_count,prior severe crash history,0.06343994929731236,0.06343994929731236,prior_avg_severity,historical crash severity,0.03319665993435452,0.033376991615473015
2361_18087,severe,0.3148082256761618,79,5,"historic_cell_crash_total, prior_cell_severe_count, prior_avg_severity","High predicted risk is mainly driven by long-run cell crash volume, prior severe crash history, and historical crash severity.",historic_cell_crash_total,long-run cell crash volume,0.06770550533098325,0.06770550533098325,prior_cell_severe_count,prior severe crash history,0.06211898648454514,0.06211898648454514,prior_avg_severity,historical crash severity,0.04969205723552805,0.04969205723552805
2363_18067,severe,0.3124412899341485,58,6,"historic_cell_crash_total, prior_avg_severity, prior_cell_severe_count","High predicted risk is mainly driven by long-run cell crash volume, historical crash severity, and prior severe crash history.",historic_cell_crash_total,long-run cell crash volume,0.07977727153018124,0.07977727153018124,prior_avg_severity,historical crash severity,0.07338447663767303,0.07338447663767303,prior_cell_severe_count,prior severe crash history,0.05913950865612437,0.05913950865612437
2368_18088,severe,0.3109693031302825,67,2,"prior_cell_severe_count, historic_cell_crash_total, prior_avg_severity","High predicted risk is mainly driven by prior severe crash history, long-run cell crash volume, and historical crash severity.",prior_cell_severe_count,prior severe crash history,0.05595168938009005,0.05595168938009005,historic_cell_crash_total,long-run cell crash volume,0.05483631045720343,0.05483631045720343,prior_avg_severity,historical crash severity,0.04032286522283801,0.04032286522283801
2342_18023,severe,0.3070686752155027,63,3,"historic_cell_crash_total, prior_cell_severe_count, prior_avg_severity","High predicted risk is mainly driven by long-run cell crash volume, prior severe crash history, and historical crash severity.",historic_cell_crash_total,long-run cell crash volume,0.06621931599305511,0.06621931599305511,prior_cell_severe_count,prior severe crash history,0.06087187667749983,0.06087187667749983,prior_avg_severity,historical crash severity,0.053744243486693176,0.053744243486693176
2380_18079,severe,0.3069349186612486,76,0,"historic_cell_crash_total, prior_cell_severe_count, prior_avg_severity","High predicted risk is mainly driven by long-run cell crash volume, prior severe crash history, and historical crash severity.",historic_cell_crash_total,long-run cell crash volume,0.06954171508535222,0.06954171508535222,prior_cell_severe_count,prior severe crash history,0.06488970284993718,0.06488970284993718,prior_avg_severity,historical crash severity,0.04803174593675441,0.04803174593675441
2362_18036,severe,0.3059603365973257,60,3,"prior_avg_severity, prior_cell_severe_count, historic_cell_crash_total","High predicted risk is mainly driven by historical crash severity, prior severe crash history, and long-run cell crash volume.",prior_avg_severity,historical crash severity,0.06655443856205807,0.06655443856205807,prior_cell_severe_count,prior severe crash history,0.06211725195531588,0.06211725195531588,historic_cell_crash_total,long-run cell crash volume,0.03154825001468358,0.03154825001468358
2394_18036,severe,0.3057792282555297,68,3,"prior_cell_severe_count, historic_cell_crash_total, prior_avg_severity","High predicted risk is mainly driven by prior severe crash history, long-run cell crash volume, and historical crash severity.",prior_cell_severe_count,prior severe crash history,0.0662158901571457,0.0662158901571457,historic_cell_crash_total,long-run cell crash volume,0.06471164466226942,0.06471164466226942,prior_avg_severity,historical crash severity,0.050073697087354804,0.050073697087354804
2398_18031,severe,0.3013355340696873,52,2,"historic_cell_crash_total, prior_cell_severe_count, prior_avg_severity","High predicted risk is mainly driven by long-run cell crash volume, prior severe crash history, and historical crash severity.",historic_cell_crash_total,long-run cell crash volume,0.0636216756612915,0.0636216756612915,prior_cell_severe_count,prior severe crash history,0.06217302321878475,0.06217302321878475,prior_avg_severity,historical crash severity,0.06055944733054596,0.06055944733054596
2396_18087,severe,0.3012949368121304,73,0,"historic_cell_crash_total, prior_cell_severe_count, prior_avg_severity","High predicted risk is mainly driven by long-run cell crash volume, prior severe crash history, and historical crash severity.",historic_cell_crash_total,long-run cell crash volume,0.08299711027187678,0.08299711027187678,prior_cell_severe_count,prior severe crash history,0.0625881213461826,0.0625881213461826,prior_avg_severity,historical crash severity,0.03983778017263694,0.03983778017263694
2362_18059,severe,0.3007520111095222,47,1,"prior_avg_severity, historic_cell_crash_total, prior_cell_severe_count","High predicted risk is mainly driven by historical crash severity, long-run cell crash volume, and prior severe crash history.",prior_avg_severity,historical crash severity,0.07273674385553144,0.07273674385553144,historic_cell_crash_total,long-run cell crash volume,0.06876179758453334,0.06876179758453334,prior_cell_severe_count,prior severe crash history,0.06039288578700556,0.06039288578700556
2392_18077,severe,0.30068961987139436,54,5,"historic_cell_crash_total, prior_cell_severe_count, prior_avg_severity","High predicted risk is mainly driven by long-run cell crash volume, prior severe crash history, and historical crash severity.",historic_cell_crash_total,long-run cell crash volume,0.07086080830714654,0.07086080830714654,prior_cell_severe_count,prior severe crash history,0.06207996837369117,0.06207996837369117,prior_avg_severity,historical crash severity,0.05656014163204673,0.05656014163204673
2375_18086,severe,0.29849344671354494,50,3,"prior_cell_severe_count, historic_cell_crash_total, prior_avg_severity","High predicted risk is mainly driven by prior severe crash history, long-run cell crash volume, and historical crash severity.",prior_cell_severe_count,prior severe crash history,0.06762674778576827,0.06762674778576827,historic_cell_crash_total,long-run cell crash volume,0.06226387854169228,0.06226387854169228,prior_avg_severity,historical crash severity,0.049529531619965844,0.049529531619965844
2383_18080,severe,0.29806233167995533,49,4,"prior_avg_severity, prior_cell_severe_count, historic_cell_crash_total","High predicted risk is mainly driven by historical crash severity, prior severe crash history, and long-run cell crash volume.",prior_avg_severity,historical crash severity,0.07677305306746197,0.07677305306746197,prior_cell_severe_count,prior severe crash history,0.06697623980120915,0.06697623980120915,historic_cell_crash_total,long-run cell crash volume,0.032417912049026165,0.032417912049026165
2332_17995,severe,0.29506300009680403,55,7,"prior_avg_severity, prior_cell_severe_count, historic_cell_crash_total","High predicted risk is mainly driven by historical crash severity, prior severe crash history, and long-run cell crash volume.",prior_avg_severity,historical crash severity,0.07072184473647818,0.07072184473647818,prior_cell_severe_count,prior severe crash history,0.06665464916901252,0.06665464916901252,historic_cell_crash_total,long-run cell crash volume,0.04952317417992186,0.04952317417992186
2370_18035,severe,0.2897575556972949,105,1,"historic_cell_crash_total, prior_cell_severe_count, is_night","High predicted risk is mainly driven by long-run cell crash volume, prior severe crash history, and nighttime conditions.",historic_cell_crash_total,long-run cell crash volume,0.08283885150928272,0.08283885150928272,prior_cell_severe_count,prior severe crash history,0.05984133558993253,0.05984133558993253,is_night,nighttime conditions,0.01885418586232155,0.02172446491119543
2376_17992,severe,0.28927615599650386,45,0,"historic_cell_crash_total, prior_cell_severe_count, prior_avg_severity","High predicted risk is mainly driven by long-run cell crash volume, prior severe crash history, and historical crash severity.",historic_cell_crash_total,long-run cell crash volume,0.06937152069126683,0.06937152069126683,prior_cell_severe_count,prior severe crash history,0.0572795188198687,0.0572795188198687,prior_avg_severity,historical crash severity,0.05494546128317641,0.05494546128317641
2346_18031,severe,0.28612695429746604,45,0,"historic_cell_crash_total, prior_avg_severity, prior_cell_severe_count","High predicted risk is mainly driven by long-run cell crash volume, historical crash severity, and prior severe crash history.",historic_cell_crash_total,long-run cell crash volume,0.06855081673585925,0.06855081673585925,prior_avg_severity,historical crash severity,0.06558876726390903,0.06558876726390903,prior_cell_severe_count,prior severe crash history,0.05979419099673396,0.05979419099673396
2307_17983,severe,0.28586906802508544,63,5,"prior_avg_severity, prior_cell_severe_count, historic_cell_crash_total","High predicted risk is mainly driven by historical crash severity, prior severe crash history, and long-run cell crash volume.",prior_avg_severity,historical crash severity,0.057655339360032073,0.057655339360032073,prior_cell_severe_count,prior severe crash history,0.053297811388552156,0.053297811388552156,historic_cell_crash_total,long-run cell crash volume,0.04610292491818398,0.04610292491818398
2385_18082,severe,0.2855827671156332,39,0,"historic_cell_crash_total, prior_cell_severe_count, prior_avg_severity","High predicted risk is mainly driven by long-run cell crash volume, prior severe crash history, and historical crash severity.",historic_cell_crash_total,long-run cell crash volume,0.058689358544643966,0.058689358544643966,prior_cell_severe_count,prior severe crash history,0.0574778670680309,0.0574778670680309,prior_avg_severity,historical crash severity,0.024375765977087627,0.024375765977087627
2336_18028,severe,0.2852742418425398,30,0,"historic_cell_crash_total, prior_avg_severity, prior_cell_severe_count","High predicted risk is mainly driven by long-run cell crash volume, historical crash severity, and prior severe crash history.",historic_cell_crash_total,long-run cell crash volume,0.07781605607587715,0.07781605607587715,prior_avg_severity,historical crash severity,0.07173813983194027,0.07173813983194027,prior_cell_severe_count,prior severe crash history,0.06216612089089104,0.06216612089089104
2299_17983,severe,0.2839723956364478,52,4,"prior_cell_severe_count, prior_avg_severity, historic_cell_crash_total","High predicted risk is mainly driven by prior severe crash history, historical crash severity, and long-run cell crash volume.",prior_cell_severe_count,prior severe crash history,0.06247398994453128,0.06247398994453128,prior_avg_severity,historical crash severity,0.059839136543765076,0.059839136543765076,historic_cell_crash_total,long-run cell crash volume,0.05745300095545937,0.05745300095545937
2392_18081,severe,0.2819228860485456,54,2,"historic_cell_crash_total, prior_cell_severe_count, prior_avg_severity","High predicted risk is mainly driven by long-run cell crash volume, prior severe crash history, and historical crash severity.",historic_cell_crash_total,long-run cell crash volume,0.05613581785595695,0.05613581785595695,prior_cell_severe_count,prior severe crash history,0.05565391244226009,0.05565391244226009,prior_avg_severity,historical crash severity,0.03392469517383271,0.03392469517383271
2375_18036,severe,0.2809270026172013,69,0,"historic_cell_crash_total, prior_cell_severe_count, prior_avg_severity","High predicted risk is mainly driven by long-run cell crash volume, prior severe crash history, and historical crash severity.",historic_cell_crash_total,long-run cell crash volume,0.06213195216239462,0.06213195216239462,prior_cell_severe_count,prior severe crash history,0.057264859462885356,0.057264859462885356,prior_avg_severity,historical crash severity,0.04970940801624039,0.04970940801624039
